trial,testing,parameters,initial_deadline,final_deadline,net_reward,actions,success
1,False,"{'a': 0.9, 'e': 0.9507539286723269}",25,0,-171.73387690683026,"{0: 14, 1: 2, 2: 6, 3: 0, 4: 3}",0
2,False,"{'a': 0.9, 'e': 0.9296008300257927}",30,0,-143.2091500473274,"{0: 21, 1: 1, 2: 4, 3: 2, 4: 2}",0
3,False,"{'a': 0.9, 'e': 0.9089183616536712}",20,0,-72.32129852220706,"{0: 17, 1: 0, 2: 1, 3: 0, 4: 2}",0
4,False,"{'a': 0.9, 'e': 0.8886960526146174}",25,0,3.802555835744042,"{0: 21, 1: 4, 2: 0, 3: 0, 4: 0}",0
5,False,"{'a': 0.9, 'e': 0.8689236649327765}",20,0,8.674831049032848,"{0: 18, 1: 1, 2: 1, 3: 0, 4: 0}",0
6,False,"{'a': 0.9, 'e': 0.8495911884145902}",30,0,-105.18551017523703,"{0: 25, 1: 0, 2: 2, 3: 0, 4: 3}",0
7,False,"{'a': 0.9, 'e': 0.8306888355809225}",30,0,-68.96356230519578,"{0: 23, 1: 2, 2: 3, 3: 1, 4: 1}",0
8,False,"{'a': 0.9, 'e': 0.812207036711939}",25,17,15.723420358639782,"{0: 8, 1: 0, 2: 0, 3: 0, 4: 0}",1
9,False,"{'a': 0.9, 'e': 0.7941364350022319}",25,0,15.107418834572451,"{0: 23, 1: 1, 2: 1, 3: 0, 4: 0}",0
10,False,"{'a': 0.9, 'e': 0.7764678818237378}",20,3,5.738177518214506,"{0: 16, 1: 0, 2: 0, 3: 1, 4: 0}",1
11,False,"{'a': 0.9, 'e': 0.759192432094049}",25,0,-36.970118288890205,"{0: 21, 1: 2, 2: 1, 3: 0, 4: 1}",0
12,False,"{'a': 0.9, 'e': 0.7423013397477743}",20,0,-20.02172714673218,"{0: 17, 1: 1, 2: 1, 3: 1, 4: 0}",0
13,False,"{'a': 0.9, 'e': 0.7257860533086574}",20,0,-149.9376582443976,"{0: 14, 1: 0, 2: 1, 3: 2, 4: 3}",0
14,False,"{'a': 0.9, 'e': 0.7096382115602086}",30,0,-14.148815571927075,"{0: 28, 1: 0, 2: 1, 3: 0, 4: 1}",0
15,False,"{'a': 0.9, 'e': 0.6938496393126605}",35,0,-21.844841794619786,"{0: 31, 1: 1, 2: 2, 3: 0, 4: 1}",0
16,False,"{'a': 0.9, 'e': 0.678412343264104}",20,0,11.82539810448344,"{0: 19, 1: 0, 2: 1, 3: 0, 4: 0}",0
17,False,"{'a': 0.9, 'e': 0.6633185079537081}",20,9,9.374417212079056,"{0: 10, 1: 0, 2: 1, 3: 0, 4: 0}",1
18,False,"{'a': 0.9, 'e': 0.648560491804976}",20,0,-9.76472073869933,"{0: 17, 1: 0, 2: 3, 3: 0, 4: 0}",0
19,False,"{'a': 0.9, 'e': 0.6341308232570341}",30,0,-47.69198630356478,"{0: 25, 1: 2, 2: 1, 3: 1, 4: 1}",0
20,False,"{'a': 0.9, 'e': 0.620022196981994}",20,0,11.65723379628984,"{0: 18, 1: 1, 2: 1, 3: 0, 4: 0}",0
21,False,"{'a': 0.9, 'e': 0.6062274701864752}",20,6,25.401932573922387,"{0: 14, 1: 0, 2: 0, 3: 0, 4: 0}",1
22,False,"{'a': 0.9, 'e': 0.5927396589954125}",25,0,-42.55485267193437,"{0: 21, 1: 1, 2: 2, 3: 0, 4: 1}",0
23,False,"{'a': 0.9, 'e': 0.579551934916321}",25,0,-193.80182791707392,"{0: 17, 1: 2, 2: 1, 3: 0, 4: 5}",0
24,False,"{'a': 0.9, 'e': 0.5666576213822248}",20,0,-14.201664452086364,"{0: 19, 1: 0, 2: 0, 3: 0, 4: 1}",0
25,False,"{'a': 0.9, 'e': 0.5540501903715035}",30,0,-42.032460860452616,"{0: 26, 1: 0, 2: 2, 3: 1, 4: 1}",0
26,False,"{'a': 0.9, 'e': 0.5417232591029411}",25,14,-43.758913931538814,"{0: 8, 1: 1, 2: 1, 3: 0, 4: 1}",1
27,False,"{'a': 0.9, 'e': 0.5296705868043069}",25,7,16.02721725927615,"{0: 17, 1: 0, 2: 1, 3: 0, 4: 0}",1
28,False,"{'a': 0.9, 'e': 0.5178860715528316}",20,9,16.577412007159438,"{0: 11, 1: 0, 2: 0, 3: 0, 4: 0}",1
29,False,"{'a': 0.9, 'e': 0.5063637471859779}",30,16,18.0387906195281,"{0: 14, 1: 0, 2: 0, 3: 0, 4: 0}",1
30,False,"{'a': 0.9, 'e': 0.49509778028094364}",25,0,-144.45524209686275,"{0: 19, 1: 0, 2: 1, 3: 2, 4: 3}",0
31,False,"{'a': 0.9, 'e': 0.4840824672013673}",30,0,18.92424788178358,"{0: 28, 1: 2, 2: 0, 3: 0, 4: 0}",0
32,False,"{'a': 0.9, 'e': 0.47331223120973953}",25,3,-52.253303272056016,"{0: 20, 1: 0, 2: 0, 3: 0, 4: 2}",1
33,False,"{'a': 0.9, 'e': 0.46278161964406134}",20,10,15.498828962350565,"{0: 10, 1: 0, 2: 0, 3: 0, 4: 0}",1
34,False,"{'a': 0.9, 'e': 0.452485301157317}",25,0,2.9572955884117285,"{0: 22, 1: 2, 2: 0, 3: 1, 4: 0}",0
35,False,"{'a': 0.9, 'e': 0.4424180630183661}",20,1,-32.66324035922422,"{0: 16, 1: 1, 2: 1, 3: 0, 4: 1}",1
36,False,"{'a': 0.9, 'e': 0.43257480847288693}",20,13,3.880743691370336,"{0: 6, 1: 1, 2: 0, 3: 0, 4: 0}",1
37,False,"{'a': 0.9, 'e': 0.42295055416303573}",25,5,22.917999031024603,"{0: 19, 1: 1, 2: 0, 3: 0, 4: 0}",1
38,False,"{'a': 0.9, 'e': 0.4135404276045154}",25,15,14.947800711648723,"{0: 10, 1: 0, 2: 0, 3: 0, 4: 0}",1
39,False,"{'a': 0.9, 'e': 0.4043396647197763}",20,0,29.654339389201127,"{0: 20, 1: 0, 2: 0, 3: 0, 4: 0}",0
40,False,"{'a': 0.9, 'e': 0.39534360742610014}",20,0,-26.328561729199283,"{0: 18, 1: 1, 2: 0, 3: 0, 4: 1}",0
41,False,"{'a': 0.9, 'e': 0.3865477012773461}",25,0,40.63139251173128,"{0: 25, 1: 0, 2: 0, 3: 0, 4: 0}",0
42,False,"{'a': 0.9, 'e': 0.37794749315816534}",30,12,10.35973815772174,"{0: 17, 1: 0, 2: 1, 3: 0, 4: 0}",1
43,False,"{'a': 0.9, 'e': 0.36953862902951623}",25,2,32.27707056140088,"{0: 23, 1: 0, 2: 0, 3: 0, 4: 0}",1
44,False,"{'a': 0.9, 'e': 0.36131685172433886}",20,0,18.226550623153344,"{0: 18, 1: 2, 2: 0, 3: 0, 4: 0}",0
45,False,"{'a': 0.9, 'e': 0.3532779987922736}",25,1,28.70651370494865,"{0: 24, 1: 0, 2: 0, 3: 0, 4: 0}",1
46,False,"{'a': 0.9, 'e': 0.3454180003923315}",20,0,28.033555316495022,"{0: 20, 1: 0, 2: 0, 3: 0, 4: 0}",0
47,False,"{'a': 0.9, 'e': 0.3377328772324505}",20,0,-16.835114661017318,"{0: 19, 1: 0, 2: 0, 3: 0, 4: 1}",0
48,False,"{'a': 0.9, 'e': 0.3302187385548937}",20,12,4.065436285784737,"{0: 7, 1: 1, 2: 0, 3: 0, 4: 0}",1
49,False,"{'a': 0.9, 'e': 0.32287178016647017}",20,0,18.44414917555517,"{0: 19, 1: 0, 2: 1, 3: 0, 4: 0}",0
50,False,"{'a': 0.9, 'e': 0.31568828251258113}",20,5,-11.01237184412827,"{0: 13, 1: 0, 2: 1, 3: 1, 4: 0}",1
51,False,"{'a': 0.9, 'e': 0.3086646087941157}",20,0,-61.26298169719862,"{0: 18, 1: 0, 2: 0, 3: 0, 4: 2}",0
52,False,"{'a': 0.9, 'e': 0.3017972031262438}",25,2,28.92845660403628,"{0: 22, 1: 1, 2: 0, 3: 0, 4: 0}",1
53,False,"{'a': 0.9, 'e': 0.29508258873817356}",30,0,40.01638438088998,"{0: 30, 1: 0, 2: 0, 3: 0, 4: 0}",0
54,False,"{'a': 0.9, 'e': 0.28851736621296165}",20,0,-15.492579850313398,"{0: 19, 1: 0, 2: 0, 3: 0, 4: 1}",0
55,False,"{'a': 0.9, 'e': 0.2820982117664862}",20,0,-57.65331942640008,"{0: 18, 1: 0, 2: 0, 3: 0, 4: 2}",0
56,False,"{'a': 0.9, 'e': 0.27582187556470966}",30,19,15.542441791321355,"{0: 11, 1: 0, 2: 0, 3: 0, 4: 0}",1
57,False,"{'a': 0.9, 'e': 0.2696851800783814}",20,14,5.585011261529849,"{0: 6, 1: 0, 2: 0, 3: 0, 4: 0}",1
58,False,"{'a': 0.9, 'e': 0.2636850184743451}",30,0,38.187657212159664,"{0: 30, 1: 0, 2: 0, 3: 0, 4: 0}",0
59,False,"{'a': 0.9, 'e': 0.25781835304263867}",25,4,29.790294666191787,"{0: 21, 1: 0, 2: 0, 3: 0, 4: 0}",1
60,False,"{'a': 0.9, 'e': 0.25208221365858835}",20,0,29.9256940145242,"{0: 20, 1: 0, 2: 0, 3: 0, 4: 0}",0
61,False,"{'a': 0.9, 'e': 0.24647369627911975}",25,19,2.227529543360653,"{0: 5, 1: 1, 2: 0, 3: 0, 4: 0}",1
62,False,"{'a': 0.9, 'e': 0.24098996147252397}",20,12,11.668136027251824,"{0: 8, 1: 0, 2: 0, 3: 0, 4: 0}",1
63,False,"{'a': 0.9, 'e': 0.23562823298093477}",20,0,32.95374910726924,"{0: 20, 1: 0, 2: 0, 3: 0, 4: 0}",0
64,False,"{'a': 0.9, 'e': 0.23038579631478867}",35,1,-23.812272418848888,"{0: 28, 1: 1, 2: 4, 3: 1, 4: 0}",1
65,False,"{'a': 0.9, 'e': 0.22525999737855665}",25,17,11.046198934921172,"{0: 8, 1: 0, 2: 0, 3: 0, 4: 0}",1
66,False,"{'a': 0.9, 'e': 0.22024824112705146}",35,18,26.738183688373375,"{0: 17, 1: 0, 2: 0, 3: 0, 4: 0}",1
67,False,"{'a': 0.9, 'e': 0.21534799025163084}",20,13,5.008222305474019,"{0: 6, 1: 1, 2: 0, 3: 0, 4: 0}",1
68,False,"{'a': 0.9, 'e': 0.2105567638956306}",20,4,25.673118759918612,"{0: 16, 1: 0, 2: 0, 3: 0, 4: 0}",1
69,False,"{'a': 0.9, 'e': 0.20587213639837806}",25,0,35.63774110028861,"{0: 25, 1: 0, 2: 0, 3: 0, 4: 0}",0
70,False,"{'a': 0.9, 'e': 0.2012917360671494}",20,1,22.65593342684004,"{0: 18, 1: 0, 2: 1, 3: 0, 4: 0}",1
71,False,"{'a': 0.9, 'e': 0.1968132439764498}",30,21,-25.846649535238107,"{0: 8, 1: 0, 2: 0, 3: 0, 4: 1}",1
72,False,"{'a': 0.9, 'e': 0.19243439279400773}",30,16,27.034465205545146,"{0: 14, 1: 0, 2: 0, 3: 0, 4: 0}",1
73,False,"{'a': 0.9, 'e': 0.18815296563288952}",20,6,20.107563785614722,"{0: 14, 1: 0, 2: 0, 3: 0, 4: 0}",1
74,False,"{'a': 0.9, 'e': 0.183966794929153}",20,5,-15.930205423095494,"{0: 14, 1: 0, 2: 0, 3: 0, 4: 1}",1
75,False,"{'a': 0.9, 'e': 0.17987376134447208}",25,10,20.851436742682637,"{0: 15, 1: 0, 2: 0, 3: 0, 4: 0}",1
76,False,"{'a': 0.9, 'e': 0.1758717926931765}",25,11,20.930198145246496,"{0: 14, 1: 0, 2: 0, 3: 0, 4: 0}",1
77,False,"{'a': 0.9, 'e': 0.17195886289316326}",25,8,29.563025386795783,"{0: 17, 1: 0, 2: 0, 3: 0, 4: 0}",1
78,False,"{'a': 0.9, 'e': 0.16813299094014966}",35,6,-76.51998699183687,"{0: 24, 1: 2, 2: 0, 3: 1, 4: 2}",1
79,False,"{'a': 0.9, 'e': 0.16439223990474733}",20,1,-27.652716872176292,"{0: 17, 1: 0, 2: 1, 3: 0, 4: 1}",1
80,False,"{'a': 0.9, 'e': 0.16073471595185043}",20,0,21.435384352132196,"{0: 19, 1: 1, 2: 0, 3: 0, 4: 0}",1
81,False,"{'a': 0.9, 'e': 0.15715856738184122}",25,12,18.852998043736317,"{0: 13, 1: 0, 2: 0, 3: 0, 4: 0}",1
82,False,"{'a': 0.9, 'e': 0.15366198369312753}",20,15,8.455182723821995,"{0: 5, 1: 0, 2: 0, 3: 0, 4: 0}",1
83,False,"{'a': 0.9, 'e': 0.15024319466553773}",25,0,32.01516217069043,"{0: 25, 1: 0, 2: 0, 3: 0, 4: 0}",0
84,False,"{'a': 0.9, 'e': 0.14690046946410876}",20,14,9.875299314345177,"{0: 6, 1: 0, 2: 0, 3: 0, 4: 0}",1
85,False,"{'a': 0.9, 'e': 0.14363211576281426}",25,8,29.351758185878403,"{0: 17, 1: 0, 2: 0, 3: 0, 4: 0}",1
86,False,"{'a': 0.9, 'e': 0.14043647888778812}",25,7,28.601626019830377,"{0: 18, 1: 0, 2: 0, 3: 0, 4: 0}",1
87,False,"{'a': 0.9, 'e': 0.13731194097961066}",20,8,20.198170221454244,"{0: 12, 1: 0, 2: 0, 3: 0, 4: 0}",1
88,False,"{'a': 0.9, 'e': 0.1342569201742327}",20,5,21.767380278569973,"{0: 15, 1: 0, 2: 0, 3: 0, 4: 0}",1
89,False,"{'a': 0.9, 'e': 0.131269869802123}",30,18,-22.94440079006073,"{0: 11, 1: 0, 2: 0, 3: 0, 4: 1}",1
90,False,"{'a': 0.9, 'e': 0.12834927760523393}",20,0,17.975648085491624,"{0: 19, 1: 0, 2: 1, 3: 0, 4: 0}",0
91,False,"{'a': 0.9, 'e': 0.12549366497138847}",20,1,24.580585659924594,"{0: 19, 1: 0, 2: 0, 3: 0, 4: 0}",1
92,False,"{'a': 0.9, 'e': 0.12270158618570108}",20,0,-9.172280525634795,"{0: 18, 1: 0, 2: 0, 3: 2, 4: 0}",0
93,False,"{'a': 0.9, 'e': 0.11997162769865403}",30,0,-0.5662105009288849,"{0: 29, 1: 0, 2: 0, 3: 0, 4: 1}",0
94,False,"{'a': 0.9, 'e': 0.11730240741045728}",25,2,31.974035565974958,"{0: 23, 1: 0, 2: 0, 3: 0, 4: 0}",1
95,False,"{'a': 0.9, 'e': 0.1146925739713314}",20,10,16.418315354306934,"{0: 10, 1: 0, 2: 0, 3: 0, 4: 0}",1
96,False,"{'a': 0.9, 'e': 0.11214080609735752}",25,7,26.99514929808727,"{0: 18, 1: 0, 2: 0, 3: 0, 4: 0}",1
97,False,"{'a': 0.9, 'e': 0.1096458119015493}",25,0,18.132361046097436,"{0: 24, 1: 0, 2: 1, 3: 0, 4: 0}",0
98,False,"{'a': 0.9, 'e': 0.10720632823980768}",20,0,19.7562993309172,"{0: 19, 1: 0, 2: 1, 3: 0, 4: 0}",0
99,False,"{'a': 0.9, 'e': 0.10482112007142684}",20,0,20.863271481812067,"{0: 19, 1: 1, 2: 0, 3: 0, 4: 0}",0
100,False,"{'a': 0.9, 'e': 0.10248897983382885}",20,12,14.867565145743754,"{0: 8, 1: 0, 2: 0, 3: 0, 4: 0}",1
101,False,"{'a': 0.9, 'e': 0.10020872683120907}",20,12,13.955031316404087,"{0: 8, 1: 0, 2: 0, 3: 0, 4: 0}",1
102,False,"{'a': 0.9, 'e': 0.09797920663678371}",30,0,34.96860909046742,"{0: 29, 1: 1, 2: 0, 3: 0, 4: 0}",0
103,False,"{'a': 0.9, 'e': 0.09579929050833683}",20,8,8.119882370377146,"{0: 11, 1: 0, 2: 1, 3: 0, 4: 0}",1
104,False,"{'a': 0.9, 'e': 0.09366787481677014}",20,0,-18.594587847998685,"{0: 18, 1: 1, 2: 0, 3: 0, 4: 1}",0
105,False,"{'a': 0.9, 'e': 0.09158388048736756}",20,7,12.156408265697078,"{0: 12, 1: 0, 2: 1, 3: 0, 4: 0}",1
106,False,"{'a': 0.9, 'e': 0.08954625245349025}",25,7,23.89177015235034,"{0: 18, 1: 0, 2: 0, 3: 0, 4: 0}",1
107,False,"{'a': 0.9, 'e': 0.08755395912242693}",20,0,32.90712990969427,"{0: 20, 1: 0, 2: 0, 3: 0, 4: 0}",0
108,False,"{'a': 0.9, 'e': 0.08560599185312773}",30,16,26.615777469195525,"{0: 14, 1: 0, 2: 0, 3: 0, 4: 0}",1
109,False,"{'a': 0.9, 'e': 0.08370136444555829}",20,8,19.643093063827873,"{0: 12, 1: 0, 2: 0, 3: 0, 4: 0}",1
110,False,"{'a': 0.9, 'e': 0.08183911264141494}",25,1,23.862213788014248,"{0: 23, 1: 0, 2: 1, 3: 0, 4: 0}",1
111,False,"{'a': 0.9, 'e': 0.08001829363594824}",25,16,13.656446833634275,"{0: 9, 1: 0, 2: 0, 3: 0, 4: 0}",1
112,False,"{'a': 0.9, 'e': 0.07823798560064807}",20,0,-6.382885553474344,"{0: 18, 1: 0, 2: 1, 3: 1, 4: 0}",1
113,False,"{'a': 0.9, 'e': 0.0764972872165481}",20,0,18.670698760449703,"{0: 19, 1: 0, 2: 1, 3: 0, 4: 0}",0
114,False,"{'a': 0.9, 'e': 0.07479531721791387}",20,8,6.509184974710258,"{0: 11, 1: 0, 2: 1, 3: 0, 4: 0}",1
115,False,"{'a': 0.9, 'e': 0.07313121394608334}",25,15,17.23912013888006,"{0: 10, 1: 0, 2: 0, 3: 0, 4: 0}",1
116,False,"{'a': 0.9, 'e': 0.07150413491323353}",25,2,33.44216592646382,"{0: 23, 1: 0, 2: 0, 3: 0, 4: 0}",1
117,False,"{'a': 0.9, 'e': 0.06991325637585331}",25,0,24.556817074191052,"{0: 24, 1: 0, 2: 1, 3: 0, 4: 0}",1
118,False,"{'a': 0.9, 'e': 0.06835777291770549}",20,12,14.218047911046064,"{0: 8, 1: 0, 2: 0, 3: 0, 4: 0}",1
119,False,"{'a': 0.9, 'e': 0.06683689704206766}",20,9,19.932811328990947,"{0: 11, 1: 0, 2: 0, 3: 0, 4: 0}",1
120,False,"{'a': 0.9, 'e': 0.0653498587730453}",20,6,28.314219413947995,"{0: 14, 1: 0, 2: 0, 3: 0, 4: 0}",1
121,False,"{'a': 0.9, 'e': 0.06389590526575482}",20,11,12.070085038615272,"{0: 9, 1: 0, 2: 0, 3: 0, 4: 0}",1
122,False,"{'a': 0.9, 'e': 0.06247430042518}",30,0,5.599490219809141,"{0: 29, 1: 0, 2: 0, 3: 0, 4: 1}",0
123,False,"{'a': 0.9, 'e': 0.06108432453350793}",30,16,15.752872058415171,"{0: 13, 1: 0, 2: 1, 3: 0, 4: 0}",1
124,False,"{'a': 0.9, 'e': 0.05972527388575662}",20,0,27.641131532668634,"{0: 20, 1: 0, 2: 0, 3: 0, 4: 0}",0
125,False,"{'a': 0.9, 'e': 0.0583964604335094}",20,0,-17.383373570235733,"{0: 19, 1: 0, 2: 0, 3: 0, 4: 1}",0
126,False,"{'a': 0.9, 'e': 0.05709721143657551}",20,3,29.888046393207,"{0: 17, 1: 0, 2: 0, 3: 0, 4: 0}",1
127,False,"{'a': 0.9, 'e': 0.05582686912240122}",20,0,27.745615831938643,"{0: 20, 1: 0, 2: 0, 3: 0, 4: 0}",0
128,False,"{'a': 0.9, 'e': 0.054584790353058264}",20,10,17.02357034698074,"{0: 10, 1: 0, 2: 0, 3: 0, 4: 0}",1
129,False,"{'a': 0.9, 'e': 0.05337034629964159}",25,2,28.763101835317446,"{0: 23, 1: 0, 2: 0, 3: 0, 4: 0}",1
130,False,"{'a': 0.9, 'e': 0.05218292212391137}",20,12,2.139524199394448,"{0: 7, 1: 0, 2: 1, 3: 0, 4: 0}",1
131,False,"{'a': 0.9, 'e': 0.05102191666701784}",20,0,29.297494892650466,"{0: 20, 1: 0, 2: 0, 3: 0, 4: 0}",0
132,False,"{'a': 0.9, 'e': 0.049886742145152006}",25,5,-7.422697745342072,"{0: 19, 1: 0, 2: 0, 3: 0, 4: 1}",1
133,False,"{'a': 0.9, 'e': 0.04877682385196733}",35,21,23.452204363537795,"{0: 14, 1: 0, 2: 0, 3: 0, 4: 0}",1
134,False,"{'a': 0.9, 'e': 0.047691599867622475}",20,11,17.089564182676586,"{0: 9, 1: 0, 2: 0, 3: 0, 4: 0}",1
135,False,"{'a': 0.9, 'e': 0.04663052077429743}",25,0,5.7060922670954985,"{0: 23, 1: 0, 2: 1, 3: 1, 4: 0}",0
136,False,"{'a': 0.9, 'e': 0.04559304937803887}",20,0,29.47238260614566,"{0: 20, 1: 0, 2: 0, 3: 0, 4: 0}",0
137,False,"{'a': 0.9, 'e': 0.044578660436794385}",30,16,22.344631869575885,"{0: 14, 1: 0, 2: 0, 3: 0, 4: 0}",1
138,False,"{'a': 0.9, 'e': 0.043586840394497346}",20,1,21.663328252331652,"{0: 18, 1: 1, 2: 0, 3: 0, 4: 0}",1
139,False,"{'a': 0.9, 'e': 0.04261708712106825}",20,2,22.574094043586005,"{0: 18, 1: 0, 2: 0, 3: 0, 4: 0}",1
140,False,"{'a': 0.9, 'e': 0.041668909658200685}",25,0,38.13463189723433,"{0: 25, 1: 0, 2: 0, 3: 0, 4: 0}",0
141,False,"{'a': 0.9, 'e': 0.040741827970803085}",20,15,2.0799590349541495,"{0: 4, 1: 1, 2: 0, 3: 0, 4: 0}",1
142,False,"{'a': 0.9, 'e': 0.03983537270397079}",20,0,24.024678996798663,"{0: 19, 1: 1, 2: 0, 3: 0, 4: 0}",0
143,False,"{'a': 0.9, 'e': 0.03894908494536509}",20,3,23.832182487073,"{0: 17, 1: 0, 2: 0, 3: 0, 4: 0}",1
144,False,"{'a': 0.9, 'e': 0.03808251599287907}",20,8,21.34212842820809,"{0: 12, 1: 0, 2: 0, 3: 0, 4: 0}",1
145,False,"{'a': 0.9, 'e': 0.03723522712747253}",30,11,34.92347222217155,"{0: 19, 1: 0, 2: 0, 3: 0, 4: 0}",1
146,False,"{'a': 0.9, 'e': 0.03640678939106113}",20,4,20.663382290937463,"{0: 16, 1: 0, 2: 0, 3: 0, 4: 0}",1
147,False,"{'a': 0.9, 'e': 0.035596783369347254}",20,12,8.56153753593326,"{0: 7, 1: 1, 2: 0, 3: 0, 4: 0}",1
148,False,"{'a': 0.9, 'e': 0.034804798979482444}",25,10,26.523482418906255,"{0: 15, 1: 0, 2: 0, 3: 0, 4: 0}",1
149,False,"{'a': 0.9, 'e': 0.034030435262454334}",20,6,25.119473941567282,"{0: 14, 1: 0, 2: 0, 3: 0, 4: 0}",1
150,False,"{'a': 0.9, 'e': 0.03327330018009247}",35,21,25.73751633907835,"{0: 14, 1: 0, 2: 0, 3: 0, 4: 0}",1
151,False,"{'a': 0.9, 'e': 0.03253301041659065}",25,0,-7.280086392734708,"{0: 24, 1: 0, 2: 0, 3: 0, 4: 1}",0
152,False,"{'a': 0.9, 'e': 0.03180919118444522}",20,10,18.21925892568169,"{0: 10, 1: 0, 2: 0, 3: 0, 4: 0}",1
153,False,"{'a': 0.9, 'e': 0.031101476034710664}",25,5,38.018543665356255,"{0: 20, 1: 0, 2: 0, 3: 0, 4: 0}",1
154,False,"{'a': 0.9, 'e': 0.03040950667147725}",30,12,34.42139508006261,"{0: 18, 1: 0, 2: 0, 3: 0, 4: 0}",1
155,False,"{'a': 0.9, 'e': 0.029732932770475902}",25,9,30.68233102286741,"{0: 16, 1: 0, 2: 0, 3: 0, 4: 0}",1
156,False,"{'a': 0.9, 'e': 0.029071411801719096}",30,22,12.719026803896938,"{0: 8, 1: 0, 2: 0, 3: 0, 4: 0}",1
157,False,"{'a': 0.9, 'e': 0.028424608856087805}",30,3,39.801196089082524,"{0: 27, 1: 0, 2: 0, 3: 0, 4: 0}",1
158,False,"{'a': 0.9, 'e': 0.027792196475776507}",25,0,30.98674495892356,"{0: 25, 1: 0, 2: 0, 3: 0, 4: 0}",0
159,False,"{'a': 0.9, 'e': 0.027173854488510764}",25,11,24.850087459645902,"{0: 14, 1: 0, 2: 0, 3: 0, 4: 0}",1
160,False,"{'a': 0.9, 'e': 0.026569269845453096}",20,5,26.551886379934857,"{0: 15, 1: 0, 2: 0, 3: 0, 4: 0}",1
161,False,"{'a': 0.9, 'e': 0.025978136462715358}",20,10,20.188687961823476,"{0: 10, 1: 0, 2: 0, 3: 0, 4: 0}",1
162,False,"{'a': 0.9, 'e': 0.025400155066397267}",25,13,-16.606914528203703,"{0: 11, 1: 0, 2: 0, 3: 0, 4: 1}",1
163,False,"{'a': 0.9, 'e': 0.024835033041072506}",25,8,24.821356112459284,"{0: 17, 1: 0, 2: 0, 3: 0, 4: 0}",1
164,False,"{'a': 0.9, 'e': 0.024282484281646033}",20,8,-21.70661414619956,"{0: 11, 1: 0, 2: 0, 3: 0, 4: 1}",1
165,False,"{'a': 0.9, 'e': 0.023742229048507153}",25,8,-7.429870752640311,"{0: 16, 1: 0, 2: 0, 3: 0, 4: 1}",1
166,False,"{'a': 0.9, 'e': 0.023213993825905426}",25,17,15.786080864020349,"{0: 8, 1: 0, 2: 0, 3: 0, 4: 0}",1
167,False,"{'a': 0.9, 'e': 0.022697511183477504}",25,14,19.563571222053962,"{0: 11, 1: 0, 2: 0, 3: 0, 4: 0}",1
168,False,"{'a': 0.9, 'e': 0.02219251964085471}",25,18,13.13261383899178,"{0: 7, 1: 0, 2: 0, 3: 0, 4: 0}",1
169,False,"{'a': 0.9, 'e': 0.02169876353528311}",25,16,18.292311682883224,"{0: 9, 1: 0, 2: 0, 3: 0, 4: 0}",1
170,False,"{'a': 0.9, 'e': 0.021215992892188715}",20,9,21.937033881751802,"{0: 11, 1: 0, 2: 0, 3: 0, 4: 0}",1
171,False,"{'a': 0.9, 'e': 0.020743963298622537}",20,10,18.943942910769476,"{0: 10, 1: 0, 2: 0, 3: 0, 4: 0}",1
172,False,"{'a': 0.9, 'e': 0.020282435779521348}",20,12,14.492629994277271,"{0: 8, 1: 0, 2: 0, 3: 0, 4: 0}",1
173,False,"{'a': 0.9, 'e': 0.019831176676721383}",20,0,-18.571798957308975,"{0: 19, 1: 0, 2: 0, 3: 0, 4: 1}",0
174,False,"{'a': 0.9, 'e': 0.01938995753066397}",20,8,24.20893776621903,"{0: 12, 1: 0, 2: 0, 3: 0, 4: 0}",1
175,False,"{'a': 0.9, 'e': 0.018958554964732945}",20,14,13.555287395628856,"{0: 6, 1: 0, 2: 0, 3: 0, 4: 0}",1
176,False,"{'a': 0.9, 'e': 0.0185367505721655}",25,1,-21.49413214438116,"{0: 22, 1: 0, 2: 0, 3: 1, 4: 1}",1
177,False,"{'a': 0.9, 'e': 0.018124330805479094}",20,0,-13.011370891202622,"{0: 19, 1: 0, 2: 0, 3: 0, 4: 1}",0
178,False,"{'a': 0.9, 'e': 0.017721086868358486}",25,15,8.318099045089564,"{0: 9, 1: 1, 2: 0, 3: 0, 4: 0}",1
179,False,"{'a': 0.9, 'e': 0.017326814609948095}",25,13,20.52229783166802,"{0: 12, 1: 0, 2: 0, 3: 0, 4: 0}",1
180,False,"{'a': 0.9, 'e': 0.016941314421496326}",30,10,35.57073831231911,"{0: 20, 1: 0, 2: 0, 3: 0, 4: 0}",1
181,False,"{'a': 0.9, 'e': 0.016564391135299346}",20,8,20.443128917630705,"{0: 12, 1: 0, 2: 0, 3: 0, 4: 0}",1
182,False,"{'a': 0.9, 'e': 0.016195853925893254}",30,17,22.28257891002584,"{0: 13, 1: 0, 2: 0, 3: 0, 4: 0}",1
183,False,"{'a': 0.9, 'e': 0.015835516213444686}",25,19,12.055793398192563,"{0: 6, 1: 0, 2: 0, 3: 0, 4: 0}",1
184,False,"{'a': 0.9, 'e': 0.015483195569290679}",30,22,14.210748210915595,"{0: 8, 1: 0, 2: 0, 3: 0, 4: 0}",1
185,False,"{'a': 0.9, 'e': 0.015138713623580345}",25,10,23.975652093491465,"{0: 15, 1: 0, 2: 0, 3: 0, 4: 0}",1
186,False,"{'a': 0.9, 'e': 0.014801895974971299}",30,21,15.217809316228918,"{0: 9, 1: 0, 2: 0, 3: 0, 4: 0}",1
187,False,"{'a': 0.9, 'e': 0.014472572102335242}",25,10,29.517277813741085,"{0: 15, 1: 0, 2: 0, 3: 0, 4: 0}",1
188,False,"{'a': 0.9, 'e': 0.014150575278428048}",20,13,10.860163703745826,"{0: 7, 1: 0, 2: 0, 3: 0, 4: 0}",1
189,False,"{'a': 0.9, 'e': 0.013835742485480465}",25,13,20.557009787966845,"{0: 12, 1: 0, 2: 0, 3: 0, 4: 0}",1
190,False,"{'a': 0.9, 'e': 0.01352791433266693}",25,10,13.130032822333591,"{0: 14, 1: 0, 2: 1, 3: 0, 4: 0}",1
191,False,"{'a': 0.9, 'e': 0.01322693497541056}",20,14,9.58281894700785,"{0: 6, 1: 0, 2: 0, 3: 0, 4: 0}",1
192,False,"{'a': 0.9, 'e': 0.012932652036483475}",25,8,26.67022965925956,"{0: 17, 1: 0, 2: 0, 3: 0, 4: 0}",1
193,False,"{'a': 0.9, 'e': 0.01264491652886264}",20,9,20.14816091056325,"{0: 11, 1: 0, 2: 0, 3: 0, 4: 0}",1
194,False,"{'a': 0.9, 'e': 0.012363582780301915}",20,0,-17.386827375961094,"{0: 19, 1: 0, 2: 0, 3: 0, 4: 1}",0
195,False,"{'a': 0.9, 'e': 0.012088508359582428}",20,0,32.19043059382648,"{0: 20, 1: 0, 2: 0, 3: 0, 4: 0}",0
196,False,"{'a': 0.9, 'e': 0.011819554004403708}",20,10,19.39765457033332,"{0: 10, 1: 0, 2: 0, 3: 0, 4: 0}",1
197,False,"{'a': 0.9, 'e': 0.01155658355087917}",25,2,34.12945760104446,"{0: 23, 1: 0, 2: 0, 3: 0, 4: 0}",1
198,False,"{'a': 0.9, 'e': 0.011299463864600267}",20,15,10.196599254684381,"{0: 5, 1: 0, 2: 0, 3: 0, 4: 0}",1
199,False,"{'a': 0.9, 'e': 0.01104806477323431}",20,12,15.103080894805897,"{0: 8, 1: 0, 2: 0, 3: 0, 4: 0}",1
200,False,"{'a': 0.9, 'e': 0.010802259000621964}",35,17,19.852472163649125,"{0: 17, 1: 0, 2: 1, 3: 0, 4: 0}",1
201,False,"{'a': 0.9, 'e': 0.010561922102340979}",30,18,8.475209619848492,"{0: 11, 1: 0, 2: 1, 3: 0, 4: 0}",1
202,False,"{'a': 0.9, 'e': 0.010326932402703527}",30,7,36.220812945473966,"{0: 23, 1: 0, 2: 0, 3: 0, 4: 0}",1
203,False,"{'a': 0.9, 'e': 0.010097170933155328}",20,12,13.941579783316596,"{0: 8, 1: 0, 2: 0, 3: 0, 4: 0}",1
204,False,"{'a': 0.9, 'e': 0.009872521372045218}",20,10,19.172541347158376,"{0: 10, 1: 0, 2: 0, 3: 0, 4: 0}",1
205,False,"{'a': 0.9, 'e': 0.009652869985734867}",20,3,29.82276846284168,"{0: 17, 1: 0, 2: 0, 3: 0, 4: 0}",1
206,False,"{'a': 0.9, 'e': 0.00943810557101869}",20,16,7.086221155372034,"{0: 4, 1: 0, 2: 0, 3: 0, 4: 0}",1
207,False,"{'a': 0.9, 'e': 0.009228119398824836}",20,10,17.527601690877415,"{0: 10, 1: 0, 2: 0, 3: 0, 4: 0}",1
208,False,"{'a': 0.9, 'e': 0.00902280515916881}",20,0,16.048751187637684,"{0: 19, 1: 0, 2: 1, 3: 0, 4: 0}",0
209,False,"{'a': 0.9, 'e': 0.008822058907331723}",25,12,22.81591083088606,"{0: 13, 1: 0, 2: 0, 3: 0, 4: 0}",1
210,False,"{'a': 0.9, 'e': 0.008625779011236085}",25,0,39.5934481313271,"{0: 25, 1: 0, 2: 0, 3: 0, 4: 0}",0
211,False,"{'a': 0.9, 'e': 0.008433866099992396}",20,0,27.643565863086263,"{0: 20, 1: 0, 2: 0, 3: 0, 4: 0}",0
212,False,"{'a': 0.9, 'e': 0.008246223013590497}",30,0,40.862564461039454,"{0: 30, 1: 0, 2: 0, 3: 0, 4: 0}",0
213,False,"{'a': 0.9, 'e': 0.008062754753710271}",30,13,4.887208734990558,"{0: 15, 1: 0, 2: 2, 3: 0, 4: 0}",1
214,False,"{'a': 0.9, 'e': 0.007883368435626672}",25,14,21.807198807454327,"{0: 11, 1: 0, 2: 0, 3: 0, 4: 0}",1
215,False,"{'a': 0.9, 'e': 0.007707973241184876}",20,3,31.479978693729475,"{0: 17, 1: 0, 2: 0, 3: 0, 4: 0}",1
216,False,"{'a': 0.9, 'e': 0.007536480372821637}",25,0,3.813627458386641,"{0: 23, 1: 0, 2: 1, 3: 1, 4: 0}",0
217,False,"{'a': 0.9, 'e': 0.007368803008609653}",20,12,15.768759135064965,"{0: 8, 1: 0, 2: 0, 3: 0, 4: 0}",1
218,False,"{'a': 0.9, 'e': 0.007204856258302067}",20,7,22.061379714335885,"{0: 13, 1: 0, 2: 0, 3: 0, 4: 0}",1
219,False,"{'a': 0.9, 'e': 0.007044557120354999}",30,8,42.19979674553612,"{0: 22, 1: 0, 2: 0, 3: 0, 4: 0}",1
220,False,"{'a': 0.9, 'e': 0.006887824439906228}",30,10,34.5740477978685,"{0: 20, 1: 0, 2: 0, 3: 0, 4: 0}",1
221,False,"{'a': 0.9, 'e': 0.006734578867688807}",35,19,26.77888566550793,"{0: 16, 1: 0, 2: 0, 3: 0, 4: 0}",1
222,False,"{'a': 0.9, 'e': 0.0065847428198588295}",20,14,10.687015627512139,"{0: 6, 1: 0, 2: 0, 3: 0, 4: 0}",1
223,False,"{'a': 0.9, 'e': 0.00643824043871691}",30,18,22.303957491500892,"{0: 12, 1: 0, 2: 0, 3: 0, 4: 0}",1
224,False,"{'a': 0.9, 'e': 0.006294997554303627}",35,24,21.739099025533097,"{0: 11, 1: 0, 2: 0, 3: 0, 4: 0}",1
225,False,"{'a': 0.9, 'e': 0.006154941646849398}",20,12,13.330154663874275,"{0: 8, 1: 0, 2: 0, 3: 0, 4: 0}",1
226,False,"{'a': 0.9, 'e': 0.006018001810059785}",20,5,26.696491488914717,"{0: 15, 1: 0, 2: 0, 3: 0, 4: 0}",1
227,False,"{'a': 0.9, 'e': 0.005884108715217693}",30,11,-14.3420793835941,"{0: 18, 1: 0, 2: 0, 3: 0, 4: 1}",1
228,False,"{'a': 0.9, 'e': 0.005753194576084192}",20,10,-23.84148750712117,"{0: 9, 1: 0, 2: 0, 3: 0, 4: 1}",1
229,False,"{'a': 0.9, 'e': 0.005625193114580312}",20,0,11.587478461422167,"{0: 19, 1: 0, 2: 1, 3: 0, 4: 0}",0
230,False,"{'a': 0.9, 'e': 0.005500039527232337}",20,10,19.841368513581,"{0: 10, 1: 0, 2: 0, 3: 0, 4: 0}",1
231,False,"{'a': 0.9, 'e': 0.005377670452363666}",35,21,23.866901315540996,"{0: 14, 1: 0, 2: 0, 3: 0, 4: 0}",1
232,False,"{'a': 0.9, 'e': 0.005258023938016623}",20,6,23.864624699032497,"{0: 14, 1: 0, 2: 0, 3: 0, 4: 0}",1
233,False,"{'a': 0.9, 'e': 0.005141039410587932}",30,19,23.865702230361734,"{0: 11, 1: 0, 2: 0, 3: 0, 4: 0}",1
234,False,"{'a': 0.9, 'e': 0.005026657644162051}",20,9,20.736904975200584,"{0: 11, 1: 0, 2: 0, 3: 0, 4: 0}",1
235,False,"{'a': 0.9, 'e': 0.004914820730526788}",20,8,19.83979702998144,"{0: 12, 1: 0, 2: 0, 3: 0, 4: 0}",1
236,False,"{'a': 0.9, 'e': 0.004805472049856019}",30,21,12.734170135101404,"{0: 8, 1: 1, 2: 0, 3: 0, 4: 0}",1
237,False,"{'a': 0.9, 'e': 0.0046985562420447215}",20,8,25.45537108121513,"{0: 12, 1: 0, 2: 0, 3: 0, 4: 0}",1
238,False,"{'a': 0.9, 'e': 0.0045940191786817}",20,9,20.808970362892364,"{0: 11, 1: 0, 2: 0, 3: 0, 4: 0}",1
239,False,"{'a': 0.9, 'e': 0.0044918079356459474}",25,11,26.14416582883067,"{0: 14, 1: 0, 2: 0, 3: 0, 4: 0}",1
240,False,"{'a': 0.9, 'e': 0.004391870766312671}",20,3,26.328118810830773,"{0: 17, 1: 0, 2: 0, 3: 0, 4: 0}",1
241,False,"{'a': 0.9, 'e': 0.004294157075355457}",30,15,24.75535646915818,"{0: 15, 1: 0, 2: 0, 3: 0, 4: 0}",1
242,False,"{'a': 0.9, 'e': 0.004198617393131317}",30,18,13.625413950015846,"{0: 11, 1: 1, 2: 0, 3: 0, 4: 0}",1
243,False,"{'a': 0.9, 'e': 0.0041052033506356065}",20,14,10.73198638114705,"{0: 6, 1: 0, 2: 0, 3: 0, 4: 0}",1
244,False,"{'a': 0.9, 'e': 0.004013867655014194}",30,10,36.18468835023145,"{0: 20, 1: 0, 2: 0, 3: 0, 4: 0}",1
245,False,"{'a': 0.9, 'e': 0.003924564065620444}",20,10,17.39106398218289,"{0: 10, 1: 0, 2: 0, 3: 0, 4: 0}",1
246,False,"{'a': 0.9, 'e': 0.003837247370604896}",30,0,48.92383100015856,"{0: 30, 1: 0, 2: 0, 3: 0, 4: 0}",1
247,False,"{'a': 0.9, 'e': 0.003751873364025814}",25,8,29.656101083934722,"{0: 17, 1: 0, 2: 0, 3: 0, 4: 0}",1
248,False,"{'a': 0.9, 'e': 0.0036683988234689647}",30,18,17.434686408113308,"{0: 12, 1: 0, 2: 0, 3: 0, 4: 0}",1
249,False,"{'a': 0.9, 'e': 0.00358678148816536}",20,10,13.622074165113819,"{0: 10, 1: 0, 2: 0, 3: 0, 4: 0}",1
250,False,"{'a': 0.9, 'e': 0.003506980037595837}",30,8,36.49650258967007,"{0: 22, 1: 0, 2: 0, 3: 0, 4: 0}",1
251,False,"{'a': 0.9, 'e': 0.0034289540705716597}",25,16,16.79478120212523,"{0: 9, 1: 0, 2: 0, 3: 0, 4: 0}",1
252,False,"{'a': 0.9, 'e': 0.0033526640847805675}",30,21,19.09321647931799,"{0: 9, 1: 0, 2: 0, 3: 0, 4: 0}",1
253,False,"{'a': 0.9, 'e': 0.0032780714567878645}",20,12,16.945694800220654,"{0: 8, 1: 0, 2: 0, 3: 0, 4: 0}",1
254,False,"{'a': 0.9, 'e': 0.003205138422482497}",25,13,22.786412943689225,"{0: 12, 1: 0, 2: 0, 3: 0, 4: 0}",1
255,False,"{'a': 0.9, 'e': 0.00313382805795816}",30,19,21.835536552631062,"{0: 11, 1: 0, 2: 0, 3: 0, 4: 0}",1
256,False,"{'a': 0.9, 'e': 0.003064104260819779}",35,9,44.39393554889167,"{0: 26, 1: 0, 2: 0, 3: 0, 4: 0}",1
257,False,"{'a': 0.9, 'e': 0.0029959317319059125}",20,7,27.969278029880645,"{0: 13, 1: 0, 2: 0, 3: 0, 4: 0}",1
258,False,"{'a': 0.9, 'e': 0.002929275957417781}",25,15,20.884914069164576,"{0: 10, 1: 0, 2: 0, 3: 0, 4: 0}",1
259,False,"{'a': 0.9, 'e': 0.0028641031914459305}",25,3,35.50156489934714,"{0: 22, 1: 0, 2: 0, 3: 0, 4: 0}",1
260,False,"{'a': 0.9, 'e': 0.0028003804388856417}",35,0,46.520949480337435,"{0: 35, 1: 0, 2: 0, 3: 0, 4: 0}",0
261,False,"{'a': 0.9, 'e': 0.002738075438732452}",25,0,40.2991160625733,"{0: 25, 1: 0, 2: 0, 3: 0, 4: 0}",0
262,False,"{'a': 0.9, 'e': 0.0026771566477493424}",25,14,16.839496246069952,"{0: 11, 1: 0, 2: 0, 3: 0, 4: 0}",1
263,False,"{'a': 0.9, 'e': 0.0026175932244972846}",20,12,17.57571699712231,"{0: 8, 1: 0, 2: 0, 3: 0, 4: 0}",1
264,False,"{'a': 0.9, 'e': 0.0025593550137211147}",30,15,25.690457666688975,"{0: 15, 1: 0, 2: 0, 3: 0, 4: 0}",1
265,False,"{'a': 0.9, 'e': 0.0025024125310827883}",20,8,21.75993162365188,"{0: 12, 1: 0, 2: 0, 3: 0, 4: 0}",1
266,False,"{'a': 0.9, 'e': 0.0024467369482343024}",25,3,38.759289104146895,"{0: 22, 1: 0, 2: 0, 3: 0, 4: 0}",1
267,False,"{'a': 0.9, 'e': 0.0023923000782227377}",20,15,11.26810291631543,"{0: 5, 1: 0, 2: 0, 3: 0, 4: 0}",1
268,False,"{'a': 0.9, 'e': 0.002339074361219997}",25,3,42.0756365931266,"{0: 22, 1: 0, 2: 0, 3: 0, 4: 0}",1
269,False,"{'a': 0.9, 'e': 0.0022870328505700654}",20,10,22.55397634125952,"{0: 10, 1: 0, 2: 0, 3: 0, 4: 0}",1
270,False,"{'a': 0.9, 'e': 0.002236149199146684}",20,14,10.89085367764817,"{0: 6, 1: 0, 2: 0, 3: 0, 4: 0}",1
271,False,"{'a': 0.9, 'e': 0.002186397646014557}",20,9,10.62951203281052,"{0: 10, 1: 1, 2: 0, 3: 0, 4: 0}",1
272,False,"{'a': 0.9, 'e': 0.0021377530033873313}",25,0,40.32316155672574,"{0: 25, 1: 0, 2: 0, 3: 0, 4: 0}",0
273,False,"{'a': 0.9, 'e': 0.002090190643875734}",20,9,22.29031018441397,"{0: 11, 1: 0, 2: 0, 3: 0, 4: 0}",1
274,False,"{'a': 0.9, 'e': 0.002043686488019435}",20,15,11.308478553189412,"{0: 5, 1: 0, 2: 0, 3: 0, 4: 0}",1
275,False,"{'a': 0.9, 'e': 0.0019982169920963076}",30,24,11.353650035988782,"{0: 6, 1: 0, 2: 0, 3: 0, 4: 0}",1
276,False,"{'a': 0.9, 'e': 0.0019537591362029103}",20,12,16.947645539866357,"{0: 8, 1: 0, 2: 0, 3: 0, 4: 0}",1
277,False,"{'a': 0.9, 'e': 0.0019102904126001795}",30,14,27.13484938913993,"{0: 16, 1: 0, 2: 0, 3: 0, 4: 0}",1
278,False,"{'a': 0.9, 'e': 0.0018677888143183946}",25,0,42.31882286017133,"{0: 25, 1: 0, 2: 0, 3: 0, 4: 0}",0
279,False,"{'a': 0.9, 'e': 0.0018262328240156852}",30,12,31.022742894523905,"{0: 18, 1: 0, 2: 0, 3: 0, 4: 0}",1
280,False,"{'a': 0.9, 'e': 0.001785601403084417}",25,15,16.721389448052104,"{0: 10, 1: 0, 2: 0, 3: 0, 4: 0}",1
281,False,"{'a': 0.9, 'e': 0.0017458739809999445}",25,16,18.000997748910873,"{0: 9, 1: 0, 2: 0, 3: 0, 4: 0}",1
282,False,"{'a': 0.9, 'e': 0.0017070304449063511}",25,11,26.336309325559817,"{0: 14, 1: 0, 2: 0, 3: 0, 4: 0}",1
283,False,"{'a': 0.9, 'e': 0.0016690511294338763}",20,2,-14.868259441162637,"{0: 17, 1: 0, 2: 0, 3: 0, 4: 1}",1
284,False,"{'a': 0.9, 'e': 0.0016319168067429094}",25,10,24.04695137957538,"{0: 15, 1: 0, 2: 0, 3: 0, 4: 0}",1
285,False,"{'a': 0.9, 'e': 0.0015956086767894785}",25,12,24.47245873088176,"{0: 13, 1: 0, 2: 0, 3: 0, 4: 0}",1
286,False,"{'a': 0.9, 'e': 0.0015601083578073364}",20,8,19.199521591090324,"{0: 12, 1: 0, 2: 0, 3: 0, 4: 0}",1
287,False,"{'a': 0.9, 'e': 0.0015253978770017875}",20,11,12.467269851716594,"{0: 9, 1: 0, 2: 0, 3: 0, 4: 0}",1
288,False,"{'a': 0.9, 'e': 0.001491459661450588}",25,11,22.24259476772919,"{0: 14, 1: 0, 2: 0, 3: 0, 4: 0}",1
289,False,"{'a': 0.9, 'e': 0.0014582765292072682}",35,13,41.78908925760061,"{0: 22, 1: 0, 2: 0, 3: 0, 4: 0}",1
290,False,"{'a': 0.9, 'e': 0.001425831680602411}",25,5,32.9972461266592,"{0: 20, 1: 0, 2: 0, 3: 0, 4: 0}",1
291,False,"{'a': 0.9, 'e': 0.0013941086897384628}",20,10,19.792419390553423,"{0: 10, 1: 0, 2: 0, 3: 0, 4: 0}",1
292,False,"{'a': 0.9, 'e': 0.0013630914961737632}",20,0,20.507280227471085,"{0: 19, 1: 0, 2: 1, 3: 0, 4: 0}",0
293,False,"{'a': 0.9, 'e': 0.001332764396791614}",25,0,-7.940955766173818,"{0: 23, 1: 1, 2: 0, 3: 0, 4: 1}",0
294,False,"{'a': 0.9, 'e': 0.0013031120378502324}",25,14,20.525939774023808,"{0: 11, 1: 0, 2: 0, 3: 0, 4: 0}",1
295,False,"{'a': 0.9, 'e': 0.0012741194072095946}",35,23,23.48193915229864,"{0: 12, 1: 0, 2: 0, 3: 0, 4: 0}",1
296,False,"{'a': 0.9, 'e': 0.0012457718267312227}",25,0,41.57726914673118,"{0: 25, 1: 0, 2: 0, 3: 0, 4: 0}",0
297,False,"{'a': 0.9, 'e': 0.0012180549448470557}",25,17,14.738420068686718,"{0: 8, 1: 0, 2: 0, 3: 0, 4: 0}",1
298,False,"{'a': 0.9, 'e': 0.0011909547292936707}",20,10,14.118065872707719,"{0: 10, 1: 0, 2: 0, 3: 0, 4: 0}",1
299,False,"{'a': 0.9, 'e': 0.0011644574600081427}",25,12,23.61618913304167,"{0: 13, 1: 0, 2: 0, 3: 0, 4: 0}",1
300,False,"{'a': 0.9, 'e': 0.0011385497221819715}",20,11,15.514583996619015,"{0: 9, 1: 0, 2: 0, 3: 0, 4: 0}",1
301,False,"{'a': 0.9, 'e': 0.0011132183994695532}",25,8,-19.59323577892073,"{0: 16, 1: 0, 2: 0, 3: 0, 4: 1}",1
302,False,"{'a': 0.9, 'e': 0.0010884506673477414}",25,17,16.732333347772325,"{0: 8, 1: 0, 2: 0, 3: 0, 4: 0}",1
303,False,"{'a': 0.9, 'e': 0.0010642339866231676}",25,14,20.496042728503333,"{0: 11, 1: 0, 2: 0, 3: 0, 4: 0}",1
304,False,"{'a': 0.9, 'e': 0.0010405560970839997}",30,14,29.680492114106993,"{0: 16, 1: 0, 2: 0, 3: 0, 4: 0}",1
305,False,"{'a': 0.9, 'e': 0.0010174050112929502}",25,5,29.471459904480813,"{0: 20, 1: 0, 2: 0, 3: 0, 4: 0}",1
306,False,"{'a': 0.9, 'e': 0.0009947690085183834}",20,11,13.134748362437117,"{0: 9, 1: 0, 2: 0, 3: 0, 4: 0}",1
307,False,"{'a': 0.9, 'e': 0.000972636628800438}",20,0,-14.489828996354364,"{0: 19, 1: 0, 2: 0, 3: 0, 4: 1}",0
308,False,"{'a': 0.9, 'e': 0.0009509966671491849}",20,14,12.397876365921652,"{0: 6, 1: 0, 2: 0, 3: 0, 4: 0}",1
309,False,"{'a': 0.9, 'e': 0.000929838167871856}",20,12,-25.349342192004343,"{0: 7, 1: 0, 2: 0, 3: 0, 4: 1}",1
310,False,"{'a': 0.9, 'e': 0.0009091504190262924}",20,5,20.136700108094313,"{0: 15, 1: 0, 2: 0, 3: 0, 4: 0}",1
311,False,"{'a': 0.9, 'e': 0.0008889229469977983}",20,15,7.758798024499159,"{0: 5, 1: 0, 2: 0, 3: 0, 4: 0}",1
312,False,"{'a': 0.9, 'e': 0.0008691455111966439}",20,12,16.3551356350959,"{0: 8, 1: 0, 2: 0, 3: 0, 4: 0}",1
313,False,"{'a': 0.9, 'e': 0.0008498080988735542}",25,11,27.9671270186794,"{0: 14, 1: 0, 2: 0, 3: 0, 4: 0}",1
314,False,"{'a': 0.9, 'e': 0.0008309009200505355}",30,14,30.587211980084952,"{0: 16, 1: 0, 2: 0, 3: 0, 4: 0}",1
315,False,"{'a': 0.9, 'e': 0.0008124144025644925}",20,11,18.23909879594246,"{0: 9, 1: 0, 2: 0, 3: 0, 4: 0}",1
316,False,"{'a': 0.9, 'e': 0.0007943391872211185}",20,6,24.781335809131576,"{0: 14, 1: 0, 2: 0, 3: 0, 4: 0}",1
317,False,"{'a': 0.9, 'e': 0.000776666123056598}",20,12,14.629398745488452,"{0: 8, 1: 0, 2: 0, 3: 0, 4: 0}",1
318,False,"{'a': 0.9, 'e': 0.0007593862627047413}",20,12,-26.77895187901399,"{0: 7, 1: 0, 2: 0, 3: 0, 4: 1}",1
319,False,"{'a': 0.9, 'e': 0.0007424908578671854}",30,19,21.090647098009278,"{0: 11, 1: 0, 2: 0, 3: 0, 4: 0}",1
320,False,"{'a': 0.9, 'e': 0.0007259713548843822}",20,7,22.765711240535737,"{0: 13, 1: 0, 2: 0, 3: 0, 4: 0}",1
321,False,"{'a': 0.9, 'e': 0.0007098193904051281}",20,11,13.909797396181855,"{0: 9, 1: 0, 2: 0, 3: 0, 4: 0}",1
322,False,"{'a': 0.9, 'e': 0.0006940267871524339}",30,14,29.5056243984876,"{0: 16, 1: 0, 2: 0, 3: 0, 4: 0}",1
323,False,"{'a': 0.9, 'e': 0.0006785855497836092}",20,1,26.694667032040662,"{0: 19, 1: 0, 2: 0, 3: 0, 4: 0}",1
324,False,"{'a': 0.9, 'e': 0.0006634878608424448}",30,10,31.44320938460984,"{0: 20, 1: 0, 2: 0, 3: 0, 4: 0}",1
325,False,"{'a': 0.9, 'e': 0.0006487260768014607}",25,18,14.318337709162794,"{0: 7, 1: 0, 2: 0, 3: 0, 4: 0}",1
326,False,"{'a': 0.9, 'e': 0.0006342927241922081}",20,9,20.34541312014681,"{0: 11, 1: 0, 2: 0, 3: 0, 4: 0}",1
327,False,"{'a': 0.9, 'e': 0.0006201804958216631}",30,2,0.4045555158663725,"{0: 27, 1: 0, 2: 0, 3: 0, 4: 1}",1
328,False,"{'a': 0.9, 'e': 0.0006063822470728084}",20,6,12.849294096792088,"{0: 13, 1: 0, 2: 1, 3: 0, 4: 0}",1
329,False,"{'a': 0.9, 'e': 0.0005928909922875144}",30,13,31.417824241058085,"{0: 17, 1: 0, 2: 0, 3: 0, 4: 0}",1
330,False,"{'a': 0.9, 'e': 0.000579699901229902}",25,0,35.91998250746098,"{0: 25, 1: 0, 2: 0, 3: 0, 4: 0}",0
331,False,"{'a': 0.9, 'e': 0.0005668022956283921}",20,7,23.299205081129273,"{0: 13, 1: 0, 2: 0, 3: 0, 4: 0}",1
332,False,"{'a': 0.9, 'e': 0.0005541916457946837}",25,17,14.039597782805172,"{0: 8, 1: 0, 2: 0, 3: 0, 4: 0}",1
333,False,"{'a': 0.9, 'e': 0.0005418615673179637}",20,8,20.37784384799289,"{0: 12, 1: 0, 2: 0, 3: 0, 4: 0}",1
334,False,"{'a': 0.9, 'e': 0.0005298058178326598}",20,9,-26.199610975456828,"{0: 10, 1: 0, 2: 0, 3: 0, 4: 1}",1
335,False,"{'a': 0.9, 'e': 0.0005180182938581106}",20,14,9.295952185813439,"{0: 6, 1: 0, 2: 0, 3: 0, 4: 0}",1
336,False,"{'a': 0.9, 'e': 0.0005064930277085493}",20,6,21.52569625676225,"{0: 14, 1: 0, 2: 0, 3: 0, 4: 0}",1
337,False,"{'a': 0.9, 'e': 0.0004952241844718329}",30,15,28.13169754588753,"{0: 15, 1: 0, 2: 0, 3: 0, 4: 0}",1
338,False,"{'a': 0.9, 'e': 0.0004842060590553961}",20,16,7.59962586981282,"{0: 4, 1: 0, 2: 0, 3: 0, 4: 0}",1
339,False,"{'a': 0.9, 'e': 0.00047343307329792366}",25,4,35.573910152151676,"{0: 21, 1: 0, 2: 0, 3: 0, 4: 0}",1
340,False,"{'a': 0.9, 'e': 0.00046289977314528837}",20,11,18.760187746579486,"{0: 9, 1: 0, 2: 0, 3: 0, 4: 0}",1
341,False,"{'a': 0.9, 'e': 0.00045260082588932085}",20,2,24.899864354634218,"{0: 17, 1: 1, 2: 0, 3: 0, 4: 0}",1
342,False,"{'a': 0.9, 'e': 0.0004425310174680093}",20,12,16.049962173427776,"{0: 8, 1: 0, 2: 0, 3: 0, 4: 0}",1
343,False,"{'a': 0.9, 'e': 0.00043268524982577246}",20,11,14.873274467024043,"{0: 9, 1: 0, 2: 0, 3: 0, 4: 0}",1
344,False,"{'a': 0.9, 'e': 0.0004230585383324572}",20,11,16.36685025653844,"{0: 9, 1: 0, 2: 0, 3: 0, 4: 0}",1
345,False,"{'a': 0.9, 'e': 0.0004136460092597646}",25,18,14.09571739397225,"{0: 7, 1: 0, 2: 0, 3: 0, 4: 0}",1
346,False,"{'a': 0.9, 'e': 0.0004044428973138215}",35,13,40.82570719801428,"{0: 22, 1: 0, 2: 0, 3: 0, 4: 0}",1
347,False,"{'a': 0.9, 'e': 0.00039544454322264645}",20,11,-25.551644047574126,"{0: 8, 1: 0, 2: 0, 3: 0, 4: 1}",1
348,False,"{'a': 0.9, 'e': 0.0003866463913772967}",25,16,13.797490105580774,"{0: 9, 1: 0, 2: 0, 3: 0, 4: 0}",1
349,False,"{'a': 0.9, 'e': 0.0003780439875254911}",25,13,23.854232031838066,"{0: 12, 1: 0, 2: 0, 3: 0, 4: 0}",1
350,False,"{'a': 0.9, 'e': 0.0003696329765165512}",20,0,29.06081103400742,"{0: 20, 1: 0, 2: 0, 3: 0, 4: 0}",0
351,False,"{'a': 0.9, 'e': 0.0003614091000965137}",30,20,16.51287183241204,"{0: 10, 1: 0, 2: 0, 3: 0, 4: 0}",1
352,False,"{'a': 0.9, 'e': 0.00035336819475229666}",20,8,21.87937052451535,"{0: 12, 1: 0, 2: 0, 3: 0, 4: 0}",1
353,False,"{'a': 0.9, 'e': 0.0003455061896038342}",20,10,16.902981750867138,"{0: 10, 1: 0, 2: 0, 3: 0, 4: 0}",1
354,False,"{'a': 0.9, 'e': 0.00033781910434310463}",30,19,22.147836479313987,"{0: 11, 1: 0, 2: 0, 3: 0, 4: 0}",1
355,False,"{'a': 0.9, 'e': 0.00033030304721901564}",20,11,16.94913144604528,"{0: 9, 1: 0, 2: 0, 3: 0, 4: 0}",1
356,False,"{'a': 0.9, 'e': 0.00032295421306712126}",20,14,11.768902665046923,"{0: 6, 1: 0, 2: 0, 3: 0, 4: 0}",1
357,False,"{'a': 0.9, 'e': 0.0003157688813831785}",30,8,32.395492121242896,"{0: 22, 1: 0, 2: 0, 3: 0, 4: 0}",1
358,False,"{'a': 0.9, 'e': 0.0003087434144395589}",30,22,15.603302870174078,"{0: 8, 1: 0, 2: 0, 3: 0, 4: 0}",1
359,False,"{'a': 0.9, 'e': 0.000301874255443574}",25,1,41.243994289374896,"{0: 24, 1: 0, 2: 0, 3: 0, 4: 0}",1
360,False,"{'a': 0.9, 'e': 0.000295157926736772}",30,18,19.66760039995785,"{0: 12, 1: 0, 2: 0, 3: 0, 4: 0}",1
361,False,"{'a': 0.9, 'e': 0.0002885910280342987}",20,8,-17.295615791365368,"{0: 11, 1: 0, 2: 0, 3: 0, 4: 1}",1
362,False,"{'a': 0.9, 'e': 0.0002821702347034327}",30,22,16.358871755608778,"{0: 8, 1: 0, 2: 0, 3: 0, 4: 0}",1
363,False,"{'a': 0.9, 'e': 0.00027589229608041563}",25,13,20.16595854017213,"{0: 12, 1: 0, 2: 0, 3: 0, 4: 0}",1
364,False,"{'a': 0.9, 'e': 0.0002697540338247369}",25,17,14.357277703289032,"{0: 8, 1: 0, 2: 0, 3: 0, 4: 0}",1
365,False,"{'a': 0.9, 'e': 0.00026375234031002985}",20,12,15.243358190386672,"{0: 8, 1: 0, 2: 0, 3: 0, 4: 0}",1
366,False,"{'a': 0.9, 'e': 0.00025788417705076934}",20,6,22.11597975549607,"{0: 14, 1: 0, 2: 0, 3: 0, 4: 0}",1
367,False,"{'a': 0.9, 'e': 0.00025214657316397534}",20,14,9.442345397452165,"{0: 6, 1: 0, 2: 0, 3: 0, 4: 0}",1
368,False,"{'a': 0.9, 'e': 0.00024653662386513723}",25,11,26.100436748590308,"{0: 14, 1: 0, 2: 0, 3: 0, 4: 0}",1
369,False,"{'a': 0.9, 'e': 0.00024105148899760637}",30,14,29.110362122480158,"{0: 16, 1: 0, 2: 0, 3: 0, 4: 0}",1
370,False,"{'a': 0.9, 'e': 0.00023568839159470576}",30,13,34.30749259254145,"{0: 17, 1: 0, 2: 0, 3: 0, 4: 0}",1
371,False,"{'a': 0.9, 'e': 0.0002304446164738309}",20,9,19.47196872813187,"{0: 11, 1: 0, 2: 0, 3: 0, 4: 0}",1
372,False,"{'a': 0.9, 'e': 0.00022531750886183228}",25,3,34.65541781075125,"{0: 22, 1: 0, 2: 0, 3: 0, 4: 0}",1
373,False,"{'a': 0.9, 'e': 0.00022030447305097724}",25,19,9.362499281154987,"{0: 6, 1: 0, 2: 0, 3: 0, 4: 0}",1
374,False,"{'a': 0.9, 'e': 0.00021540297108481923}",20,6,25.29513070376113,"{0: 14, 1: 0, 2: 0, 3: 0, 4: 0}",1
375,False,"{'a': 0.9, 'e': 0.00021061052147330265}",25,7,31.720339391202547,"{0: 18, 1: 0, 2: 0, 3: 0, 4: 0}",1
376,False,"{'a': 0.9, 'e': 0.00020592469793645523}",30,21,17.32668716228254,"{0: 9, 1: 0, 2: 0, 3: 0, 4: 0}",1
377,False,"{'a': 0.9, 'e': 0.00020134312817603336}",25,8,32.193288548336064,"{0: 17, 1: 0, 2: 0, 3: 0, 4: 0}",1
378,False,"{'a': 0.9, 'e': 0.0001968634926744933}",25,16,14.799297680940192,"{0: 9, 1: 0, 2: 0, 3: 0, 4: 0}",1
379,False,"{'a': 0.9, 'e': 0.00019248352352068732}",20,12,11.930603356835203,"{0: 8, 1: 0, 2: 0, 3: 0, 4: 0}",1
380,False,"{'a': 0.9, 'e': 0.00018820100326168485}",30,8,40.00449716783498,"{0: 22, 1: 0, 2: 0, 3: 0, 4: 0}",1
381,False,"{'a': 0.9, 'e': 0.00018401376378013933}",20,10,19.435301983750307,"{0: 10, 1: 0, 2: 0, 3: 0, 4: 0}",1
382,False,"{'a': 0.9, 'e': 0.00017991968519663376}",25,13,17.348021105120207,"{0: 12, 1: 0, 2: 0, 3: 0, 4: 0}",1
383,False,"{'a': 0.9, 'e': 0.00017591669479644442}",20,3,25.745281262494952,"{0: 17, 1: 0, 2: 0, 3: 0, 4: 0}",1
384,False,"{'a': 0.9, 'e': 0.00017200276598018625}",20,5,28.19185580608176,"{0: 15, 1: 0, 2: 0, 3: 0, 4: 0}",1
385,False,"{'a': 0.9, 'e': 0.00016817591723780316}",20,0,31.466059237448945,"{0: 20, 1: 0, 2: 0, 3: 0, 4: 0}",0
386,False,"{'a': 0.9, 'e': 0.00016443421114538607}",25,19,7.075109854202496,"{0: 6, 1: 0, 2: 0, 3: 0, 4: 0}",1
387,False,"{'a': 0.9, 'e': 0.00016077575338431166}",30,20,17.46105088922914,"{0: 10, 1: 0, 2: 0, 3: 0, 4: 0}",1
388,False,"{'a': 0.9, 'e': 0.0001571986917822016}",35,23,21.824321748237438,"{0: 12, 1: 0, 2: 0, 3: 0, 4: 0}",1
389,False,"{'a': 0.9, 'e': 0.0001537012153752217}",25,6,12.245307849931999,"{0: 18, 1: 0, 2: 0, 3: 1, 4: 0}",1
390,False,"{'a': 0.9, 'e': 0.00015028155349124263}",20,14,8.435462167505202,"{0: 6, 1: 0, 2: 0, 3: 0, 4: 0}",1
391,False,"{'a': 0.9, 'e': 0.0001469379748533989}",20,10,13.826971984090125,"{0: 10, 1: 0, 2: 0, 3: 0, 4: 0}",1
392,False,"{'a': 0.9, 'e': 0.00014366878670359426}",25,14,-21.61987957951698,"{0: 10, 1: 0, 2: 0, 3: 0, 4: 1}",1
393,False,"{'a': 0.9, 'e': 0.00014047233394550498}",20,14,8.797468023332641,"{0: 6, 1: 0, 2: 0, 3: 0, 4: 0}",1
394,False,"{'a': 0.9, 'e': 0.00013734699830665313}",25,7,28.170444095108657,"{0: 18, 1: 0, 2: 0, 3: 0, 4: 0}",1
395,False,"{'a': 0.9, 'e': 0.0001342911975191213}",20,2,27.48607657844299,"{0: 18, 1: 0, 2: 0, 3: 0, 4: 0}",1
396,False,"{'a': 0.9, 'e': 0.00013130338451849543}",20,3,29.286845090737778,"{0: 17, 1: 0, 2: 0, 3: 0, 4: 0}",1
397,False,"{'a': 0.9, 'e': 0.0001283820466606314}",30,17,18.04351800712347,"{0: 13, 1: 0, 2: 0, 3: 0, 4: 0}",1
398,False,"{'a': 0.9, 'e': 0.0001255257049558451}",20,5,26.616814383215655,"{0: 15, 1: 0, 2: 0, 3: 0, 4: 0}",1
399,False,"{'a': 0.9, 'e': 0.00012273291332014338}",20,6,25.053838392980754,"{0: 14, 1: 0, 2: 0, 3: 0, 4: 0}",1
400,False,"{'a': 0.9, 'e': 0.00012000225784311281}",25,20,9.233905432792092,"{0: 5, 1: 0, 2: 0, 3: 0, 4: 0}",1
401,False,"{'a': 0.9, 'e': 0.0001173323560720972}",20,12,16.21276788667563,"{0: 8, 1: 0, 2: 0, 3: 0, 4: 0}",1
402,False,"{'a': 0.9, 'e': 0.00011472185631230221}",25,15,21.66569753365515,"{0: 10, 1: 0, 2: 0, 3: 0, 4: 0}",1
403,False,"{'a': 0.9, 'e': 0.00011216943694246976}",25,13,19.693160936577694,"{0: 12, 1: 0, 2: 0, 3: 0, 4: 0}",1
404,False,"{'a': 0.9, 'e': 0.00010967380574577984}",25,2,36.74360253829565,"{0: 23, 1: 0, 2: 0, 3: 0, 4: 0}",1
405,False,"{'a': 0.9, 'e': 0.00010723369925563798}",25,3,37.98935424402563,"{0: 22, 1: 0, 2: 0, 3: 0, 4: 0}",1
406,False,"{'a': 0.9, 'e': 0.0001048478821160181}",25,17,17.415863983542895,"{0: 8, 1: 0, 2: 0, 3: 0, 4: 0}",1
407,False,"{'a': 0.9, 'e': 0.00010251514645603787}",25,13,-25.23113864073882,"{0: 11, 1: 0, 2: 0, 3: 0, 4: 1}",1
408,False,"{'a': 0.9, 'e': 0.0001002343112784472}",30,18,20.623134888954556,"{0: 12, 1: 0, 2: 0, 3: 0, 4: 0}",1
409,False,"{'a': 0.9, 'e': 9.800422186172382e-05}",20,13,15.099972136639709,"{0: 7, 1: 0, 2: 0, 3: 0, 4: 0}",1
1,True,"{'a': 0.0, 'e': 0.0}",20,2,29.868196115749,"{0: 18, 1: 0, 2: 0, 3: 0, 4: 0}",1
2,True,"{'a': 0.0, 'e': 0.0}",30,13,28.801992367852648,"{0: 17, 1: 0, 2: 0, 3: 0, 4: 0}",1
3,True,"{'a': 0.0, 'e': 0.0}",30,20,17.693323850365772,"{0: 10, 1: 0, 2: 0, 3: 0, 4: 0}",1
4,True,"{'a': 0.0, 'e': 0.0}",25,8,31.78904362917702,"{0: 17, 1: 0, 2: 0, 3: 0, 4: 0}",1
5,True,"{'a': 0.0, 'e': 0.0}",20,9,18.26490846745002,"{0: 11, 1: 0, 2: 0, 3: 0, 4: 0}",1
6,True,"{'a': 0.0, 'e': 0.0}",20,1,28.146451226960192,"{0: 19, 1: 0, 2: 0, 3: 0, 4: 0}",1
7,True,"{'a': 0.0, 'e': 0.0}",20,9,20.223622899675114,"{0: 11, 1: 0, 2: 0, 3: 0, 4: 0}",1
8,True,"{'a': 0.0, 'e': 0.0}",20,15,9.700772023934594,"{0: 5, 1: 0, 2: 0, 3: 0, 4: 0}",1
9,True,"{'a': 0.0, 'e': 0.0}",25,17,16.525007178305025,"{0: 8, 1: 0, 2: 0, 3: 0, 4: 0}",1
10,True,"{'a': 0.0, 'e': 0.0}",25,6,29.258393434633046,"{0: 19, 1: 0, 2: 0, 3: 0, 4: 0}",1
